title,link,price_whole,price_fraction,price,rating,reviews_count,image_url,asin
"ASUS ROG Herculx Graphics Card Anti-Sag Holder Bracket (Solid Zinc Alloy Construction, Easy Toolless Installation, Included Spirit Level, Adjustable Height, Wide Compatibility, Aura Sync RGB)",https://www.amazon.com/s?k=gaming&crid=2Q95QAJCPV7RS&sprefix=%2Caps%2C611&ref=nb_sb_ss_recent_2_0_recent/ASUS-ROG-Construction-Installation-Compatibility/dp/B0B173F6RM/ref=sr_1_1?crid=3FD863EYYESV7&dib=eyJ2IjoiMSJ9.R5XF-BNZYhfjCmOkrDX4waUlkgFLc2kGN788-8ite72Z5Ons_C4jUTgFeUHrhgzBdzC3b00YiFcz73AeLCWGJ6ZHDVKPoGa5vr6JUzyEZCPlKjeRIhaAwUvx3H9GqrWtNTPPBYr-l9FC6w_6pqE46PLsDrt4k6uXGsUyz05G0wo3ymBRLqvhnkHAW17lVGjLRZWjdElFNwHiZ-dOo3NiwruqG6Fz6gta723QM4VwOWc.XpJcS83cEhJl3AQkhe4Yh5kcODGeGaBSCCko7XWrAw4&dib_tag=se&keywords=rtx4090&qid=1743579548&sprefix=rtx4090%2Caps%2C575&sr=8-1,41.,34,$41..34,4.6,1548,https://m.media-amazon.com/images/I/71m4QHLRzmL._AC_UY218_.jpg,B0B173F6RM
"ASUS Dual GeForce RTX™ 4060 EVO OC Edition 8GB GDDR6 (PCIe 4.0, 8GB GDDR6, DLSS 3, HDMI 2.1a, DisplayPort 1.4a, Axial-tech Fan Design, 0dB Technology, Dual BIOS, Auto-Extreme Technology, and More)",https://www.amazon.com/s?k=gaming&crid=2Q95QAJCPV7RS&sprefix=%2Caps%2C611&ref=nb_sb_ss_recent_2_0_recent/ASUS-DisplayPort-Axial-tech-Technology-Auto-Extreme/dp/B0CVPDY3HN/ref=sr_1_2?crid=3FD863EYYESV7&dib=eyJ2IjoiMSJ9.R5XF-BNZYhfjCmOkrDX4waUlkgFLc2kGN788-8ite72Z5Ons_C4jUTgFeUHrhgzBdzC3b00YiFcz73AeLCWGJ6ZHDVKPoGa5vr6JUzyEZCPlKjeRIhaAwUvx3H9GqrWtNTPPBYr-l9FC6w_6pqE46PLsDrt4k6uXGsUyz05G0wo3ymBRLqvhnkHAW17lVGjLRZWjdElFNwHiZ-dOo3NiwruqG6Fz6gta723QM4VwOWc.XpJcS83cEhJl3AQkhe4Yh5kcODGeGaBSCCko7XWrAw4&dib_tag=se&keywords=rtx4090&qid=1743579548&sprefix=rtx4090%2Caps%2C575&sr=8-2,339.,99,$339..99,4.7,2834,https://m.media-amazon.com/images/I/817G0HRzaZL._AC_UY218_.jpg,B0CVPDY3HN
"10k 8k 4k HDMI Cable 3.3 FT, Certified Ultra High Speed HDMI® Cable 4k 144Hz 120Hz 8k 60Hz 2k 240Hz 48Gbps 0.03ms HDR10+ ARC eARC HDCP2.3 Compatible for Mac RTX4090 PC TV PS5 Xbox",https://www.amazon.com/s?k=gaming&crid=2Q95QAJCPV7RS&sprefix=%2Caps%2C611&ref=nb_sb_ss_recent_2_0_recent/Cable-3-3ft-Certified-48Gbps-Ultra/dp/B08TGBLLXY/ref=sr_1_3?crid=3FD863EYYESV7&dib=eyJ2IjoiMSJ9.R5XF-BNZYhfjCmOkrDX4waUlkgFLc2kGN788-8ite72Z5Ons_C4jUTgFeUHrhgzBdzC3b00YiFcz73AeLCWGJ6ZHDVKPoGa5vr6JUzyEZCPlKjeRIhaAwUvx3H9GqrWtNTPPBYr-l9FC6w_6pqE46PLsDrt4k6uXGsUyz05G0wo3ymBRLqvhnkHAW17lVGjLRZWjdElFNwHiZ-dOo3NiwruqG6Fz6gta723QM4VwOWc.XpJcS83cEhJl3AQkhe4Yh5kcODGeGaBSCCko7XWrAw4&dib_tag=se&keywords=rtx4090&qid=1743579548&sprefix=rtx4090%2Caps%2C575&sr=8-3,9.,45,$9..45,4.6,22083,https://m.media-amazon.com/images/I/61sOLfhbMhL._AC_UY218_.jpg,B08TGBLLXY
"MINISFORUM DEG1 External GPU Dock Station, Mini eGPU Enclosure for RTX 4090, AMD RX 7900 XTX, Support ATX/SFX Standard Power Supplies, Oculink Interface Graphics Dock Station",https://www.amazon.com/s?k=gaming&crid=2Q95QAJCPV7RS&sprefix=%2Caps%2C611&ref=nb_sb_ss_recent_2_0_recent/MINISFORUM-External-Enclosure-Expansion-Interface/dp/B0DCZLPWXK/ref=sr_1_4?crid=3FD863EYYESV7&dib=eyJ2IjoiMSJ9.R5XF-BNZYhfjCmOkrDX4waUlkgFLc2kGN788-8ite72Z5Ons_C4jUTgFeUHrhgzBdzC3b00YiFcz73AeLCWGJ6ZHDVKPoGa5vr6JUzyEZCPlKjeRIhaAwUvx3H9GqrWtNTPPBYr-l9FC6w_6pqE46PLsDrt4k6uXGsUyz05G0wo3ymBRLqvhnkHAW17lVGjLRZWjdElFNwHiZ-dOo3NiwruqG6Fz6gta723QM4VwOWc.XpJcS83cEhJl3AQkhe4Yh5kcODGeGaBSCCko7XWrAw4&dib_tag=se&keywords=rtx4090&qid=1743579548&sprefix=rtx4090%2Caps%2C575&sr=8-4,129.,90,$129..90,4.3,19,https://m.media-amazon.com/images/I/51cs-T55DKL._AC_UY218_.jpg,B0DCZLPWXK
"Graphics Card GPU Mini Brace Support, Video Card Sag Holder Bracket, GPU Stand, Universal VGA Graphics Card Holder",https://www.amazon.com/s?k=gaming&crid=2Q95QAJCPV7RS&sprefix=%2Caps%2C611&ref=nb_sb_ss_recent_2_0_recent/AVERZELLA-Graphics-Support-Bracket-Universal/dp/B09V5VTM8G/ref=sr_1_5?crid=3FD863EYYESV7&dib=eyJ2IjoiMSJ9.R5XF-BNZYhfjCmOkrDX4waUlkgFLc2kGN788-8ite72Z5Ons_C4jUTgFeUHrhgzBdzC3b00YiFcz73AeLCWGJ6ZHDVKPoGa5vr6JUzyEZCPlKjeRIhaAwUvx3H9GqrWtNTPPBYr-l9FC6w_6pqE46PLsDrt4k6uXGsUyz05G0wo3ymBRLqvhnkHAW17lVGjLRZWjdElFNwHiZ-dOo3NiwruqG6Fz6gta723QM4VwOWc.XpJcS83cEhJl3AQkhe4Yh5kcODGeGaBSCCko7XWrAw4&dib_tag=se&keywords=rtx4090&qid=1743579548&sprefix=rtx4090%2Caps%2C575&sr=8-5,9.,97,$9..97,4.4,236,https://m.media-amazon.com/images/I/41PAI7bqJtL._AC_UY218_.jpg,B09V5VTM8G
"Alienware X16 R2 Gaming Laptop - 16-inch QHD+ 240Hz 3ms Display, Intel Core Ultra 7-155H, 16GB LPDDR5X RAM, 1TB SSD, NVIDIA GeForce RTX 4070 8GB GDDR6, Windows 11 Home, Onsite Service - Lunar Silver",https://www.amazon.com/s?k=gaming&crid=2Q95QAJCPV7RS&sprefix=%2Caps%2C611&ref=nb_sb_ss_recent_2_0_recent/Alienware-X16-R2-Gaming-Laptop/dp/B0D1KQTFT4/ref=sr_1_6?crid=3FD863EYYESV7&dib=eyJ2IjoiMSJ9.R5XF-BNZYhfjCmOkrDX4waUlkgFLc2kGN788-8ite72Z5Ons_C4jUTgFeUHrhgzBdzC3b00YiFcz73AeLCWGJ6ZHDVKPoGa5vr6JUzyEZCPlKjeRIhaAwUvx3H9GqrWtNTPPBYr-l9FC6w_6pqE46PLsDrt4k6uXGsUyz05G0wo3ymBRLqvhnkHAW17lVGjLRZWjdElFNwHiZ-dOo3NiwruqG6Fz6gta723QM4VwOWc.XpJcS83cEhJl3AQkhe4Yh5kcODGeGaBSCCko7XWrAw4&dib_tag=se&keywords=rtx4090&qid=1743579548&sprefix=rtx4090%2Caps%2C575&sr=8-6,,,N/A,3.8,22,https://m.media-amazon.com/images/I/71YafTnz8xL._AC_UY218_.jpg,B0D1KQTFT4
MSI MAG A850GL PCIE 5.1 & ATX 3.1 Gaming Power Supply - Full Modular - 80 Plus Gold Certified 850W - Compact Size - ATX PSU - 10 Year Warranty,https://www.amazon.com/s?k=gaming&crid=2Q95QAJCPV7RS&sprefix=%2Caps%2C611&ref=nb_sb_ss_recent_2_0_recent/MSI-A850GL-Gaming-Power-Supply/dp/B0CB9MSJ5N/ref=sr_1_7?crid=3FD863EYYESV7&dib=eyJ2IjoiMSJ9.R5XF-BNZYhfjCmOkrDX4waUlkgFLc2kGN788-8ite72Z5Ons_C4jUTgFeUHrhgzBdzC3b00YiFcz73AeLCWGJ6ZHDVKPoGa5vr6JUzyEZCPlKjeRIhaAwUvx3H9GqrWtNTPPBYr-l9FC6w_6pqE46PLsDrt4k6uXGsUyz05G0wo3ymBRLqvhnkHAW17lVGjLRZWjdElFNwHiZ-dOo3NiwruqG6Fz6gta723QM4VwOWc.XpJcS83cEhJl3AQkhe4Yh5kcODGeGaBSCCko7XWrAw4&dib_tag=se&keywords=rtx4090&qid=1743579548&sprefix=rtx4090%2Caps%2C575&sr=8-7,119.,99,$119..99,4.6,3212,https://m.media-amazon.com/images/I/71b3DFHWd7L._AC_UY218_.jpg,B0CB9MSJ5N
Storage Box For RTX4060/RTX4070i/RTX4080S/RTX4090 Graphics Hard Case With Handle Graphics Card Travel Carrying Bag,https://www.amazon.com/s?k=gaming&crid=2Q95QAJCPV7RS&sprefix=%2Caps%2C611&ref=nb_sb_ss_recent_2_0_recent/Storage-RTX4070i-RTX4080S-Graphics-Carrying-PC/dp/B0DLSJ6XBW/ref=sr_1_8?crid=3FD863EYYESV7&dib=eyJ2IjoiMSJ9.R5XF-BNZYhfjCmOkrDX4waUlkgFLc2kGN788-8ite72Z5Ons_C4jUTgFeUHrhgzBdzC3b00YiFcz73AeLCWGJ6ZHDVKPoGa5vr6JUzyEZCPlKjeRIhaAwUvx3H9GqrWtNTPPBYr-l9FC6w_6pqE46PLsDrt4k6uXGsUyz05G0wo3ymBRLqvhnkHAW17lVGjLRZWjdElFNwHiZ-dOo3NiwruqG6Fz6gta723QM4VwOWc.XpJcS83cEhJl3AQkhe4Yh5kcODGeGaBSCCko7XWrAw4&dib_tag=se&keywords=rtx4090&qid=1743579548&sprefix=rtx4090%2Caps%2C575&sr=8-8,18.,44,$18..44,N/A,0,https://m.media-amazon.com/images/I/71Ar8YGooIL._AC_UY218_.jpg,B0DLSJ6XBW
"Antec Vertical GPU Mount, Vertical GPU Holder, PCIE 4.0 Riser Cable 190mm Compatible RTX4090 RX7900, Adjustable Length for E-ATX; ATX; Micro ATX Case (Black)",https://www.amazon.com/s?k=gaming&crid=2Q95QAJCPV7RS&sprefix=%2Caps%2C611&ref=nb_sb_ss_recent_2_0_recent/Antec-Vertical-Compatible-RTX4090-Adjustable/dp/B0CP823F53/ref=sr_1_9?crid=3FD863EYYESV7&dib=eyJ2IjoiMSJ9.R5XF-BNZYhfjCmOkrDX4waUlkgFLc2kGN788-8ite72Z5Ons_C4jUTgFeUHrhgzBdzC3b00YiFcz73AeLCWGJ6ZHDVKPoGa5vr6JUzyEZCPlKjeRIhaAwUvx3H9GqrWtNTPPBYr-l9FC6w_6pqE46PLsDrt4k6uXGsUyz05G0wo3ymBRLqvhnkHAW17lVGjLRZWjdElFNwHiZ-dOo3NiwruqG6Fz6gta723QM4VwOWc.XpJcS83cEhJl3AQkhe4Yh5kcODGeGaBSCCko7XWrAw4&dib_tag=se&keywords=rtx4090&qid=1743579548&sprefix=rtx4090%2Caps%2C575&sr=8-9,64.,90,$64..90,N/A,0,https://m.media-amazon.com/images/I/71Gc+aNN1-L._AC_UY218_.jpg,B0CP823F53
"PCIe 4.0 X16 Riser Cable, Cable Length 200mm, 90 Degree Right Angle Shielded High Speed GPU Extension Cable Compatible with Gen 4 GPUs, Such as RTX4090 RTX3060 RX7900 (PCI-E-4.0-White)",https://www.amazon.com/s?k=gaming&crid=2Q95QAJCPV7RS&sprefix=%2Caps%2C611&ref=nb_sb_ss_recent_2_0_recent/LDPCSJ-Shielded-Extension-Compatible-4-0-White/dp/B0D5YW7THG/ref=sr_1_10?crid=3FD863EYYESV7&dib=eyJ2IjoiMSJ9.R5XF-BNZYhfjCmOkrDX4waUlkgFLc2kGN788-8ite72Z5Ons_C4jUTgFeUHrhgzBdzC3b00YiFcz73AeLCWGJ6ZHDVKPoGa5vr6JUzyEZCPlKjeRIhaAwUvx3H9GqrWtNTPPBYr-l9FC6w_6pqE46PLsDrt4k6uXGsUyz05G0wo3ymBRLqvhnkHAW17lVGjLRZWjdElFNwHiZ-dOo3NiwruqG6Fz6gta723QM4VwOWc.XpJcS83cEhJl3AQkhe4Yh5kcODGeGaBSCCko7XWrAw4&dib_tag=se&keywords=rtx4090&qid=1743579548&sprefix=rtx4090%2Caps%2C575&sr=8-10,27.,19,$27..19,4.1,20,https://m.media-amazon.com/images/I/513qm3fdxPL._AC_UY218_.jpg,B0D5YW7THG
"8K Ultra Thin HDMI Cable 2-Pack 6.6FT, Slim HDMI 2.1 Cable High Speed HDMI Cord with Ethernet (8K@60Hz, 4K@120Hz/60Hz, Dynamic HDR, eARC) for Monitor, PS5, HDTV, RTX4090/3090, RX7900/7800",https://www.amazon.com/s?k=gaming&crid=2Q95QAJCPV7RS&sprefix=%2Caps%2C611&ref=nb_sb_ss_recent_2_0_recent/ZeniKon-Ethernet-Dynamic-Monitor-RTX4090/dp/B0DFYN3ZMN/ref=sr_1_11?crid=3FD863EYYESV7&dib=eyJ2IjoiMSJ9.R5XF-BNZYhfjCmOkrDX4waUlkgFLc2kGN788-8ite72Z5Ons_C4jUTgFeUHrhgzBdzC3b00YiFcz73AeLCWGJ6ZHDVKPoGa5vr6JUzyEZCPlKjeRIhaAwUvx3H9GqrWtNTPPBYr-l9FC6w_6pqE46PLsDrt4k6uXGsUyz05G0wo3ymBRLqvhnkHAW17lVGjLRZWjdElFNwHiZ-dOo3NiwruqG6Fz6gta723QM4VwOWc.XpJcS83cEhJl3AQkhe4Yh5kcODGeGaBSCCko7XWrAw4&dib_tag=se&keywords=rtx4090&qid=1743579548&sprefix=rtx4090%2Caps%2C575&sr=8-11,13.,99,$13..99,4.3,17,https://m.media-amazon.com/images/I/71owzb4D8HL._AC_UY218_.jpg,B0DFYN3ZMN
330W Portable GaN AC Adapter 20V 16.5A for Lenovo Legion 9 7 pro 7i 5i 5 Y900 Y700 RTX4080 RTX4090 Yoga AIO 7 ADL330SDC3A GX21M50608 Laptop Charger Power Supply Cord,https://www.amazon.com/s?k=gaming&crid=2Q95QAJCPV7RS&sprefix=%2Caps%2C611&ref=nb_sb_ss_recent_2_0_recent/Portable-Adapter-RTX4080-ADL330SDC3A-GX21M50608/dp/B0D3M66LL5/ref=sr_1_12?crid=3FD863EYYESV7&dib=eyJ2IjoiMSJ9.R5XF-BNZYhfjCmOkrDX4waUlkgFLc2kGN788-8ite72Z5Ons_C4jUTgFeUHrhgzBdzC3b00YiFcz73AeLCWGJ6ZHDVKPoGa5vr6JUzyEZCPlKjeRIhaAwUvx3H9GqrWtNTPPBYr-l9FC6w_6pqE46PLsDrt4k6uXGsUyz05G0wo3ymBRLqvhnkHAW17lVGjLRZWjdElFNwHiZ-dOo3NiwruqG6Fz6gta723QM4VwOWc.XpJcS83cEhJl3AQkhe4Yh5kcODGeGaBSCCko7XWrAw4&dib_tag=se&keywords=rtx4090&qid=1743579548&sprefix=rtx4090%2Caps%2C575&sr=8-12,118.,99,$118..99,4.1,14,https://m.media-amazon.com/images/I/61xZwBrvMYL._AC_UY218_.jpg,B0D3M66LL5
"PCI-E 4.0 Riser Cable, PCIe 4.0 x16 High Speed Flexible Extender Card Extension Port 90 Degree Adapter Compatible with Gen 4 GPUs, Such as RTX4090 RTX3060 RX7900, Length 15cm (White)",https://www.amazon.com/s?k=gaming&crid=2Q95QAJCPV7RS&sprefix=%2Caps%2C611&ref=nb_sb_ss_recent_2_0_recent/Flexible-Extender-Extension-Adapter-Compatible/dp/B0DKFDVBYG/ref=sr_1_13?crid=3FD863EYYESV7&dib=eyJ2IjoiMSJ9.R5XF-BNZYhfjCmOkrDX4waUlkgFLc2kGN788-8ite72Z5Ons_C4jUTgFeUHrhgzBdzC3b00YiFcz73AeLCWGJ6ZHDVKPoGa5vr6JUzyEZCPlKjeRIhaAwUvx3H9GqrWtNTPPBYr-l9FC6w_6pqE46PLsDrt4k6uXGsUyz05G0wo3ymBRLqvhnkHAW17lVGjLRZWjdElFNwHiZ-dOo3NiwruqG6Fz6gta723QM4VwOWc.XpJcS83cEhJl3AQkhe4Yh5kcODGeGaBSCCko7XWrAw4&dib_tag=se&keywords=rtx4090&qid=1743579548&sprefix=rtx4090%2Caps%2C575&sr=8-13,31.,99,$31..99,3.4,3,https://m.media-amazon.com/images/I/51+fP4Y57jL._AC_UY218_.jpg,B0DKFDVBYG
"8K Detachable HDMI Fiber Optic Cable 82Feet/25m, Long HDMI 2.1 Cable in Wall, with Dual Micro HDMI and Standard HDMI Connectors, Compatible for PC, TV, playstation4, PS5, Xbox Series X, RTX4090/4080",https://www.amazon.com/s?k=gaming&crid=2Q95QAJCPV7RS&sprefix=%2Caps%2C611&ref=nb_sb_ss_recent_2_0_recent/ecjtu-82Feet-Detachable-Standard-Connectors/dp/B0B4RYXWDZ/ref=sr_1_14?crid=3FD863EYYESV7&dib=eyJ2IjoiMSJ9.R5XF-BNZYhfjCmOkrDX4waUlkgFLc2kGN788-8ite72Z5Ons_C4jUTgFeUHrhgzBdzC3b00YiFcz73AeLCWGJ6ZHDVKPoGa5vr6JUzyEZCPlKjeRIhaAwUvx3H9GqrWtNTPPBYr-l9FC6w_6pqE46PLsDrt4k6uXGsUyz05G0wo3ymBRLqvhnkHAW17lVGjLRZWjdElFNwHiZ-dOo3NiwruqG6Fz6gta723QM4VwOWc.XpJcS83cEhJl3AQkhe4Yh5kcODGeGaBSCCko7XWrAw4&dib_tag=se&keywords=rtx4090&qid=1743579548&sprefix=rtx4090%2Caps%2C575&sr=8-14,79.,96,$79..96,4.3,90,https://m.media-amazon.com/images/I/61b44ccX8FL._AC_UY218_.jpg,B0B4RYXWDZ
"Thermaltake LCGS View C i4790 Gaming Desktop (Intel® Core™ i9-14900KF, 64GB DDR5 5600MT/s, NVIDIA® GeForce RTX™ 4090, 2TB+2TB NVMe M.2, WiFi, Windows 11) C70S-Z790-490-LCS",https://www.amazon.com/s?k=gaming&crid=2Q95QAJCPV7RS&sprefix=%2Caps%2C611&ref=nb_sb_ss_recent_2_0_recent/Thermaltake-Desktop-i9-14900KF-NVIDIA%C2%AE-C70S-Z790-490-LCS/dp/B0CKYQ5H2X/ref=sr_1_15?crid=3FD863EYYESV7&dib=eyJ2IjoiMSJ9.R5XF-BNZYhfjCmOkrDX4waUlkgFLc2kGN788-8ite72Z5Ons_C4jUTgFeUHrhgzBdzC3b00YiFcz73AeLCWGJ6ZHDVKPoGa5vr6JUzyEZCPlKjeRIhaAwUvx3H9GqrWtNTPPBYr-l9FC6w_6pqE46PLsDrt4k6uXGsUyz05G0wo3ymBRLqvhnkHAW17lVGjLRZWjdElFNwHiZ-dOo3NiwruqG6Fz6gta723QM4VwOWc.XpJcS83cEhJl3AQkhe4Yh5kcODGeGaBSCCko7XWrAw4&dib_tag=se&keywords=rtx4090&qid=1743579548&sprefix=rtx4090%2Caps%2C575&sr=8-15,,,N/A,2.8,13,https://m.media-amazon.com/images/I/81RumAAMXPL._AC_UY218_.jpg,B0CKYQ5H2X
"Yunseity PCIE 5.0 Extender Card Cable, GPU Riser Cable, Compatible with RTX4090 (ti) and RX8900 (xt), for PC Cases, AI Applications, ITX Builds, PCIe 4.0 & WRX80SE (50cm)",https://www.amazon.com/s?k=gaming&crid=2Q95QAJCPV7RS&sprefix=%2Caps%2C611&ref=nb_sb_ss_recent_2_0_recent/Yunseity-Extender-Compatible-RTX4090-Applications/dp/B0DJ9PQZ72/ref=sr_1_16?crid=3FD863EYYESV7&dib=eyJ2IjoiMSJ9.R5XF-BNZYhfjCmOkrDX4waUlkgFLc2kGN788-8ite72Z5Ons_C4jUTgFeUHrhgzBdzC3b00YiFcz73AeLCWGJ6ZHDVKPoGa5vr6JUzyEZCPlKjeRIhaAwUvx3H9GqrWtNTPPBYr-l9FC6w_6pqE46PLsDrt4k6uXGsUyz05G0wo3ymBRLqvhnkHAW17lVGjLRZWjdElFNwHiZ-dOo3NiwruqG6Fz6gta723QM4VwOWc.XpJcS83cEhJl3AQkhe4Yh5kcODGeGaBSCCko7XWrAw4&dib_tag=se&keywords=rtx4090&qid=1743579548&sprefix=rtx4090%2Caps%2C575&sr=8-16,57.,41,$57..41,3.0,2,https://m.media-amazon.com/images/I/51yoO1CWHnL._AC_UY218_.jpg,B0DJ9PQZ72
"8K Detachable HDMI Fiber Optic Cable 82Feet/25m, Long HDMI 2.1 Cable in Wall, with Dual Micro HDMI and Standard HDMI Connectors, Compatible for PC, TV, playstation4, PS5, Xbox Series X, RTX4090/4080",https://www.amazon.com/s?k=gaming&crid=2Q95QAJCPV7RS&sprefix=%2Caps%2C611&ref=nb_sb_ss_recent_2_0_recent/sspa/click?ie=UTF8&spc=MToxNTUzMTMxMDA3NDQzOToxNzQzNTc5NTQ4OnNwX2J0ZjozMDA0NzIxNDM2NjIzMDI6OjA6Og&url=%2Fecjtu-82Feet-Detachable-Standard-Connectors%2Fdp%2FB0B4RYXWDZ%2Fref%3Dsr_1_17_sspa%3Fcrid%3D3FD863EYYESV7%26dib%3DeyJ2IjoiMSJ9.R5XF-BNZYhfjCmOkrDX4waUlkgFLc2kGN788-8ite72Z5Ons_C4jUTgFeUHrhgzBdzC3b00YiFcz73AeLCWGJ6ZHDVKPoGa5vr6JUzyEZCPlKjeRIhaAwUvx3H9GqrWtNTPPBYr-l9FC6w_6pqE46PLsDrt4k6uXGsUyz05G0wo3ymBRLqvhnkHAW17lVGjLRZWjdElFNwHiZ-dOo3NiwruqG6Fz6gta723QM4VwOWc.XpJcS83cEhJl3AQkhe4Yh5kcODGeGaBSCCko7XWrAw4%26dib_tag%3Dse%26keywords%3Drtx4090%26qid%3D1743579548%26sprefix%3Drtx4090%252Caps%252C575%26sr%3D8-17-spons%26sp_csd%3Dd2lkZ2V0TmFtZT1zcF9idGY%26psc%3D1,79.,96,$79..96,4.3,90,https://m.media-amazon.com/images/I/61b44ccX8FL._AC_UY218_.jpg,B0B4RYXWDZ
"GLOTRENDS 600mm PCIe 4.0 X16 Riser Cable (0->180 Degree), Compatible with PCIE GEN 4.0 GPU, Such as RTX4090-RTX3060, RX7900, RX6950XT-RX6500XT, etc",https://www.amazon.com/s?k=gaming&crid=2Q95QAJCPV7RS&sprefix=%2Caps%2C611&ref=nb_sb_ss_recent_2_0_recent/sspa/click?ie=UTF8&spc=MToxNTUzMTMxMDA3NDQzOToxNzQzNTc5NTQ4OnNwX2J0ZjozMDA2OTA3MDc5NDgyMDI6OjA6Og&url=%2FGLOTRENDS-Compatible-RTX4090-RTX3060-RX6950XT-RX6500XT-PCIE40-60-180%2Fdp%2FB0C41743F3%2Fref%3Dsr_1_18_sspa%3Fcrid%3D3FD863EYYESV7%26dib%3DeyJ2IjoiMSJ9.R5XF-BNZYhfjCmOkrDX4waUlkgFLc2kGN788-8ite72Z5Ons_C4jUTgFeUHrhgzBdzC3b00YiFcz73AeLCWGJ6ZHDVKPoGa5vr6JUzyEZCPlKjeRIhaAwUvx3H9GqrWtNTPPBYr-l9FC6w_6pqE46PLsDrt4k6uXGsUyz05G0wo3ymBRLqvhnkHAW17lVGjLRZWjdElFNwHiZ-dOo3NiwruqG6Fz6gta723QM4VwOWc.XpJcS83cEhJl3AQkhe4Yh5kcODGeGaBSCCko7XWrAw4%26dib_tag%3Dse%26keywords%3Drtx4090%26qid%3D1743579548%26sprefix%3Drtx4090%252Caps%252C575%26sr%3D8-18-spons%26sp_csd%3Dd2lkZ2V0TmFtZT1zcF9idGY%26psc%3D1,83.,99,$83..99,4.1,266,https://m.media-amazon.com/images/I/51DBwMyF6lL._AC_UY218_.jpg,B0C41743F3
"LINKUP - Ultra PCIe 4.0 X16 Riser Cable [RTX4090 RX6950XT x570 Z690 Tested] Shielded PCI Express Gen4 Reverse PCIE Connector w/270 Degree Socket (24cm/9.44"") Compatible with NZXT H1 w/o Screw┃White",https://www.amazon.com/s?k=gaming&crid=2Q95QAJCPV7RS&sprefix=%2Caps%2C611&ref=nb_sb_ss_recent_2_0_recent/sspa/click?ie=UTF8&spc=MToxNTUzMTMxMDA3NDQzOToxNzQzNTc5NTQ4OnNwX2J0ZjoyMDAwNzY1MTI0NDAyNTE6OjA6Og&url=%2FLINKUP-RX6900XT-Connector-Compatible-Screw%25E2%2594%2583White%2Fdp%2FB097CHHXTQ%2Fref%3Dsr_1_19_sspa%3Fcrid%3D3FD863EYYESV7%26dib%3DeyJ2IjoiMSJ9.R5XF-BNZYhfjCmOkrDX4waUlkgFLc2kGN788-8ite72Z5Ons_C4jUTgFeUHrhgzBdzC3b00YiFcz73AeLCWGJ6ZHDVKPoGa5vr6JUzyEZCPlKjeRIhaAwUvx3H9GqrWtNTPPBYr-l9FC6w_6pqE46PLsDrt4k6uXGsUyz05G0wo3ymBRLqvhnkHAW17lVGjLRZWjdElFNwHiZ-dOo3NiwruqG6Fz6gta723QM4VwOWc.XpJcS83cEhJl3AQkhe4Yh5kcODGeGaBSCCko7XWrAw4%26dib_tag%3Dse%26keywords%3Drtx4090%26qid%3D1743579548%26sprefix%3Drtx4090%252Caps%252C575%26sr%3D8-19-spons%26sp_csd%3Dd2lkZ2V0TmFtZT1zcF9idGY%26psc%3D1,53.,96,$53..96,4.5,2936,https://m.media-amazon.com/images/I/61vfys4-i3L._AC_UY218_.jpg,B097CHHXTQ
"8K Detachable HDMI Fiber Optic Cable 165Feet/50m, Long HDMI 2.1 Cable in Wall, with Dual Micro HDMI and Standard HDMI Connectors, Compatible for PC, TV, playstation4, PS5, Xbox Series X, RTX4090/4080",https://www.amazon.com/s?k=gaming&crid=2Q95QAJCPV7RS&sprefix=%2Caps%2C611&ref=nb_sb_ss_recent_2_0_recent/sspa/click?ie=UTF8&spc=MToyNjY3NTQ1NDAyNjk1MjAwOjE3NDM1Nzk1NTg6c3BfYXRmX25leHQ6MzAwNDcyMTQzNjYyMTAyOjowOjo&url=%2Fecjtu-165Feet-Detachable-Standard-Connectors%2Fdp%2FB0B4RZV9JK%2Fref%3Dsr_1_17_sspa%3Fcrid%3D3FD863EYYESV7%26dib%3DeyJ2IjoiMSJ9.NcmaTfjnCoCMOj_YRJwRp3tsR71oOtAd6v9Q1iAaPWJeLfOiAl00sT8fS2KBNnLi8PRaDnzsMdCMBG5UoDMeJy8SQjAW5ZpbaWkHNgDI5f_n7gipApHdVrX0basaFScrJrlflh6ix40Z_2jichQI1lZDIvOX6VxXQnQNNzxSu4M6nKGF8sPS6LxBBsWL0k96naYz_CEGvPyQBhKOYgMGqXCEa0S4nWJO0k70Ngpd2dk.hFOYDI4tbZhI70XknLPmXzJERxVSFEVoWkehM_2FlqU%26dib_tag%3Dse%26keywords%3Drtx4090%26qid%3D1743579558%26sprefix%3Drtx4090%252Caps%252C575%26sr%3D8-17-spons%26xpid%3DlJRIeHiyIOGHn%26sp_csd%3Dd2lkZ2V0TmFtZT1zcF9hdGZfbmV4dA%26psc%3D1,98.,96,$98..96,4.3,90,https://m.media-amazon.com/images/I/61b44ccX8FL._AC_UY218_.jpg,B0B4RZV9JK
"8K Long HDMI Fiber Optic Cable 66Feet/20m, 8K@60hz, 4K@120hz, HDMI 2.1 Cable 66FT, 48Gbps Ultra High Speed, Support HDR, eARC, Compatible for PC, HDTV, playstation4, PS5, Xbox Series X, RTX4090/4080",https://www.amazon.com/s?k=gaming&crid=2Q95QAJCPV7RS&sprefix=%2Caps%2C611&ref=nb_sb_ss_recent_2_0_recent/sspa/click?ie=UTF8&spc=MToyNjY3NTQ1NDAyNjk1MjAwOjE3NDM1Nzk1NTg6c3BfYXRmX25leHQ6MzAwNjgxMTYwNjA0NTAyOjowOjo&url=%2Fecjtu-66Feet-Flexible-Directional-Business%2Fdp%2FB0B4SBQPLC%2Fref%3Dsr_1_18_sspa%3Fcrid%3D3FD863EYYESV7%26dib%3DeyJ2IjoiMSJ9.NcmaTfjnCoCMOj_YRJwRp3tsR71oOtAd6v9Q1iAaPWJeLfOiAl00sT8fS2KBNnLi8PRaDnzsMdCMBG5UoDMeJy8SQjAW5ZpbaWkHNgDI5f_n7gipApHdVrX0basaFScrJrlflh6ix40Z_2jichQI1lZDIvOX6VxXQnQNNzxSu4M6nKGF8sPS6LxBBsWL0k96naYz_CEGvPyQBhKOYgMGqXCEa0S4nWJO0k70Ngpd2dk.hFOYDI4tbZhI70XknLPmXzJERxVSFEVoWkehM_2FlqU%26dib_tag%3Dse%26keywords%3Drtx4090%26qid%3D1743579558%26sprefix%3Drtx4090%252Caps%252C575%26sr%3D8-18-spons%26xpid%3DlJRIeHiyIOGHn%26sp_csd%3Dd2lkZ2V0TmFtZT1zcF9hdGZfbmV4dA%26psc%3D1,62.,66,$62..66,4.3,70,https://m.media-amazon.com/images/I/71X0oG1BeJL._AC_UY218_.jpg,B0B4SBQPLC
"RTX4090 16Pin(12+4) to 4x8pin PCI-e 5.0 Sleeved Cable Extension, 30CM Length with Combs, Compatible with RTX 4070Ti, 4080, 4090 Series (Black)",https://www.amazon.com/s?k=gaming&crid=2Q95QAJCPV7RS&sprefix=%2Caps%2C611&ref=nb_sb_ss_recent_2_0_recent/ABNO1-RTX4090-Sleeved-Extension-Compatible/dp/B0BYP6VLXY/ref=sr_1_19?crid=3FD863EYYESV7&dib=eyJ2IjoiMSJ9.NcmaTfjnCoCMOj_YRJwRp3tsR71oOtAd6v9Q1iAaPWJeLfOiAl00sT8fS2KBNnLi8PRaDnzsMdCMBG5UoDMeJy8SQjAW5ZpbaWkHNgDI5f_n7gipApHdVrX0basaFScrJrlflh6ix40Z_2jichQI1lZDIvOX6VxXQnQNNzxSu4M6nKGF8sPS6LxBBsWL0k96naYz_CEGvPyQBhKOYgMGqXCEa0S4nWJO0k70Ngpd2dk.hFOYDI4tbZhI70XknLPmXzJERxVSFEVoWkehM_2FlqU&dib_tag=se&keywords=rtx4090&qid=1743579558&sprefix=rtx4090%2Caps%2C575&sr=8-19&xpid=lJRIeHiyIOGHn,32.,99,$32..99,3.2,5,https://m.media-amazon.com/images/I/61Nnd9vwuwL._AC_UY218_.jpg,B0BYP6VLXY
330W Portable AC Adapter 19.5V 16.92A Replacement RC30-0484 Compatible with Razer Blade 16 18 i9-13980HX RTX4090 13950HX RTX4080 Laptop Charger,https://www.amazon.com/s?k=gaming&crid=2Q95QAJCPV7RS&sprefix=%2Caps%2C611&ref=nb_sb_ss_recent_2_0_recent/Portable-Replacement-RC30-0484-Compatible-i9-13980HX/dp/B0D17NZPPC/ref=sr_1_20?crid=3FD863EYYESV7&dib=eyJ2IjoiMSJ9.NcmaTfjnCoCMOj_YRJwRp3tsR71oOtAd6v9Q1iAaPWJeLfOiAl00sT8fS2KBNnLi8PRaDnzsMdCMBG5UoDMeJy8SQjAW5ZpbaWkHNgDI5f_n7gipApHdVrX0basaFScrJrlflh6ix40Z_2jichQI1lZDIvOX6VxXQnQNNzxSu4M6nKGF8sPS6LxBBsWL0k96naYz_CEGvPyQBhKOYgMGqXCEa0S4nWJO0k70Ngpd2dk.hFOYDI4tbZhI70XknLPmXzJERxVSFEVoWkehM_2FlqU&dib_tag=se&keywords=rtx4090&qid=1743579558&sprefix=rtx4090%2Caps%2C575&sr=8-20&xpid=lJRIeHiyIOGHn,93.,99,$93..99,N/A,0,https://m.media-amazon.com/images/I/61-KIft-pML._AC_UY218_.jpg,B0D17NZPPC
"ASUS ROG Thor 1000W Platinum II Fully Modular Power Supply with 1000W, 80+ Platinum, ROG Heatsinks, 135mm Fan, 0dB Mode, OLED Display, Aura Sync",https://www.amazon.com/s?k=gaming&crid=2Q95QAJCPV7RS&sprefix=%2Caps%2C611&ref=nb_sb_ss_recent_2_0_recent/ASUS-Platinum-Modular-Certified-Heatsinks/dp/B09SGQ9PPC/ref=sr_1_21?crid=3FD863EYYESV7&dib=eyJ2IjoiMSJ9.NcmaTfjnCoCMOj_YRJwRp3tsR71oOtAd6v9Q1iAaPWJeLfOiAl00sT8fS2KBNnLi8PRaDnzsMdCMBG5UoDMeJy8SQjAW5ZpbaWkHNgDI5f_n7gipApHdVrX0basaFScrJrlflh6ix40Z_2jichQI1lZDIvOX6VxXQnQNNzxSu4M6nKGF8sPS6LxBBsWL0k96naYz_CEGvPyQBhKOYgMGqXCEa0S4nWJO0k70Ngpd2dk.hFOYDI4tbZhI70XknLPmXzJERxVSFEVoWkehM_2FlqU&dib_tag=se&keywords=rtx4090&qid=1743579558&sprefix=rtx4090%2Caps%2C575&sr=8-21&xpid=lJRIeHiyIOGHn,357.,11,$357..11,4.6,1108,https://m.media-amazon.com/images/I/81g2lMkfDnL._AC_UY218_.jpg,B09SGQ9PPC
"JONSBO D41 MESH SC Black ATX Computer Case with Screen, ATX PC Case Mid Tower/Support RTX 4090(335-400mm) GPU 360/280AIO,Power A-TX/SFX: 100mm-220mm Multiple Tool-Free Design,Black",https://www.amazon.com/s?k=gaming&crid=2Q95QAJCPV7RS&sprefix=%2Caps%2C611&ref=nb_sb_ss_recent_2_0_recent/D41-Computer-Mainboard-Support-335-400mm/dp/B0BQJ68G5K/ref=sr_1_22?crid=3FD863EYYESV7&dib=eyJ2IjoiMSJ9.NcmaTfjnCoCMOj_YRJwRp3tsR71oOtAd6v9Q1iAaPWJeLfOiAl00sT8fS2KBNnLi8PRaDnzsMdCMBG5UoDMeJy8SQjAW5ZpbaWkHNgDI5f_n7gipApHdVrX0basaFScrJrlflh6ix40Z_2jichQI1lZDIvOX6VxXQnQNNzxSu4M6nKGF8sPS6LxBBsWL0k96naYz_CEGvPyQBhKOYgMGqXCEa0S4nWJO0k70Ngpd2dk.hFOYDI4tbZhI70XknLPmXzJERxVSFEVoWkehM_2FlqU&dib_tag=se&keywords=rtx4090&qid=1743579558&sprefix=rtx4090%2Caps%2C575&sr=8-22&xpid=lJRIeHiyIOGHn,157.,80,$157..80,4.4,191,https://m.media-amazon.com/images/I/81NFBPV6czL._AC_UY218_.jpg,B0BQJ68G5K
"PCI-E 4.0 Riser Cable, PCIE 4.0 x16 200mm High Speed Flexible Extender Card Extension Port 90 Degree Adapter Compatible with Gen 4 GPUs, Supports RTX4090 RTX3060 RX7900 (White)",https://www.amazon.com/s?k=gaming&crid=2Q95QAJCPV7RS&sprefix=%2Caps%2C611&ref=nb_sb_ss_recent_2_0_recent/LDPCSJ-Flexible-Extender-Extension-Compatible/dp/B0DR2NR8X9/ref=sr_1_23?crid=3FD863EYYESV7&dib=eyJ2IjoiMSJ9.NcmaTfjnCoCMOj_YRJwRp3tsR71oOtAd6v9Q1iAaPWJeLfOiAl00sT8fS2KBNnLi8PRaDnzsMdCMBG5UoDMeJy8SQjAW5ZpbaWkHNgDI5f_n7gipApHdVrX0basaFScrJrlflh6ix40Z_2jichQI1lZDIvOX6VxXQnQNNzxSu4M6nKGF8sPS6LxBBsWL0k96naYz_CEGvPyQBhKOYgMGqXCEa0S4nWJO0k70Ngpd2dk.hFOYDI4tbZhI70XknLPmXzJERxVSFEVoWkehM_2FlqU&dib_tag=se&keywords=rtx4090&qid=1743579558&sprefix=rtx4090%2Caps%2C575&sr=8-23&xpid=lJRIeHiyIOGHn,28.,79,$28..79,5.0,1,https://m.media-amazon.com/images/I/61fgWqb2B4L._AC_UY218_.jpg,B0DR2NR8X9
"Mini 16-pin (12+4) to 4x8-pin PCI-E 5.0 Power Adapter Cable, 12-pin to 4x8-pin Compatible with RTX4090 4080 4070TI Series and RTX3090ti (1 Piece)",https://www.amazon.com/s?k=gaming&crid=2Q95QAJCPV7RS&sprefix=%2Caps%2C611&ref=nb_sb_ss_recent_2_0_recent/4x8-pin-Adapter-Compatible-RTX4090-RTX3090ti/dp/B0BWN37K6K/ref=sr_1_24?crid=3FD863EYYESV7&dib=eyJ2IjoiMSJ9.NcmaTfjnCoCMOj_YRJwRp3tsR71oOtAd6v9Q1iAaPWJeLfOiAl00sT8fS2KBNnLi8PRaDnzsMdCMBG5UoDMeJy8SQjAW5ZpbaWkHNgDI5f_n7gipApHdVrX0basaFScrJrlflh6ix40Z_2jichQI1lZDIvOX6VxXQnQNNzxSu4M6nKGF8sPS6LxBBsWL0k96naYz_CEGvPyQBhKOYgMGqXCEa0S4nWJO0k70Ngpd2dk.hFOYDI4tbZhI70XknLPmXzJERxVSFEVoWkehM_2FlqU&dib_tag=se&keywords=rtx4090&qid=1743579558&sprefix=rtx4090%2Caps%2C575&sr=8-24&xpid=lJRIeHiyIOGHn,18.,99,$18..99,N/A,0,https://m.media-amazon.com/images/I/617YKihFXWL._AC_UY218_.jpg,B0BWN37K6K
"8K Long HDMI Fiber Optic Cable 82Feet/25m, 8K@60hz, 4K@120hz, HDMI 2.1 Cable 82FT, 48Gbps Ultra High Speed, Support HDR, eARC, Compatible for PC, HDTV, playstation4, PS5, Xbox Series X, RTX4090/4080",https://www.amazon.com/s?k=gaming&crid=2Q95QAJCPV7RS&sprefix=%2Caps%2C611&ref=nb_sb_ss_recent_2_0_recent/ecjtu-82Feet-Flexible-Directional-Business/dp/B0B4SBM3DG/ref=sr_1_25?crid=3FD863EYYESV7&dib=eyJ2IjoiMSJ9.NcmaTfjnCoCMOj_YRJwRp3tsR71oOtAd6v9Q1iAaPWJeLfOiAl00sT8fS2KBNnLi8PRaDnzsMdCMBG5UoDMeJy8SQjAW5ZpbaWkHNgDI5f_n7gipApHdVrX0basaFScrJrlflh6ix40Z_2jichQI1lZDIvOX6VxXQnQNNzxSu4M6nKGF8sPS6LxBBsWL0k96naYz_CEGvPyQBhKOYgMGqXCEa0S4nWJO0k70Ngpd2dk.hFOYDI4tbZhI70XknLPmXzJERxVSFEVoWkehM_2FlqU&dib_tag=se&keywords=rtx4090&qid=1743579558&sprefix=rtx4090%2Caps%2C575&sr=8-25&xpid=lJRIeHiyIOGHn,69.,66,$69..66,4.3,70,https://m.media-amazon.com/images/I/71X0oG1BeJL._AC_UY218_.jpg,B0B4SBM3DG
"PCIE 5.0 Riser Cable, Gen 5 GPU Graphics Card Extension Cable, PCI-E 16X 128GB/s Compatible with PCIE 4.0 and WRX80/ 90E, RTX4090/ 5090/ RX7900XTX, 200mm",https://www.amazon.com/s?k=gaming&crid=2Q95QAJCPV7RS&sprefix=%2Caps%2C611&ref=nb_sb_ss_recent_2_0_recent/ConnBull-Graphics-Extension-Compatible-RX7900XTX/dp/B0DSBCXJX2/ref=sr_1_26?crid=3FD863EYYESV7&dib=eyJ2IjoiMSJ9.NcmaTfjnCoCMOj_YRJwRp3tsR71oOtAd6v9Q1iAaPWJeLfOiAl00sT8fS2KBNnLi8PRaDnzsMdCMBG5UoDMeJy8SQjAW5ZpbaWkHNgDI5f_n7gipApHdVrX0basaFScrJrlflh6ix40Z_2jichQI1lZDIvOX6VxXQnQNNzxSu4M6nKGF8sPS6LxBBsWL0k96naYz_CEGvPyQBhKOYgMGqXCEa0S4nWJO0k70Ngpd2dk.hFOYDI4tbZhI70XknLPmXzJERxVSFEVoWkehM_2FlqU&dib_tag=se&keywords=rtx4090&qid=1743579558&sprefix=rtx4090%2Caps%2C575&sr=8-26&xpid=lJRIeHiyIOGHn,80.,00,$80..00,4.4,17,https://m.media-amazon.com/images/I/71YVu-3CAEL._AC_UY218_.jpg,B0DSBCXJX2
"GLOTRENDS 250mm PCIe 4.0 X16 Riser Cable (0->90 Degree), Compatible with PCIE GEN 4.0 GPU, Such as RTX4090-RTX3060, RX7900, RX6950XT-RX6500XT, etc",https://www.amazon.com/s?k=gaming&crid=2Q95QAJCPV7RS&sprefix=%2Caps%2C611&ref=nb_sb_ss_recent_2_0_recent/GLOTRENDS-Extension-Degree-Adapter-PCIE40-25-90/dp/B0C4176N2F/ref=sr_1_27?crid=3FD863EYYESV7&dib=eyJ2IjoiMSJ9.NcmaTfjnCoCMOj_YRJwRp3tsR71oOtAd6v9Q1iAaPWJeLfOiAl00sT8fS2KBNnLi8PRaDnzsMdCMBG5UoDMeJy8SQjAW5ZpbaWkHNgDI5f_n7gipApHdVrX0basaFScrJrlflh6ix40Z_2jichQI1lZDIvOX6VxXQnQNNzxSu4M6nKGF8sPS6LxBBsWL0k96naYz_CEGvPyQBhKOYgMGqXCEa0S4nWJO0k70Ngpd2dk.hFOYDI4tbZhI70XknLPmXzJERxVSFEVoWkehM_2FlqU&dib_tag=se&keywords=rtx4090&qid=1743579558&sprefix=rtx4090%2Caps%2C575&sr=8-27&xpid=lJRIeHiyIOGHn,35.,99,$35..99,4.1,266,https://m.media-amazon.com/images/I/51I0YImfUnL._AC_UY218_.jpg,B0C4176N2F
"Stouchi 10K 8K HDMI Cable 2.1 6ft, Ultra High Speed HDMI® Cables 4k120Hz 144Hz 8k60Hz 48Gbps eARC HDR10+ Atmos HDCP 2.3 Compatible for Mac RTX4090 PC HDTV PS5 Xbox, Black",https://www.amazon.com/s?k=gaming&crid=2Q95QAJCPV7RS&sprefix=%2Caps%2C611&ref=nb_sb_ss_recent_2_0_recent/Stouchi-Cables-4k120Hz-Compatible-RTX4090/dp/B0CY22VR4C/ref=sr_1_28?crid=3FD863EYYESV7&dib=eyJ2IjoiMSJ9.NcmaTfjnCoCMOj_YRJwRp3tsR71oOtAd6v9Q1iAaPWJeLfOiAl00sT8fS2KBNnLi8PRaDnzsMdCMBG5UoDMeJy8SQjAW5ZpbaWkHNgDI5f_n7gipApHdVrX0basaFScrJrlflh6ix40Z_2jichQI1lZDIvOX6VxXQnQNNzxSu4M6nKGF8sPS6LxBBsWL0k96naYz_CEGvPyQBhKOYgMGqXCEa0S4nWJO0k70Ngpd2dk.hFOYDI4tbZhI70XknLPmXzJERxVSFEVoWkehM_2FlqU&dib_tag=se&keywords=rtx4090&qid=1743579558&sprefix=rtx4090%2Caps%2C575&sr=8-28&xpid=lJRIeHiyIOGHn,9.,98,$9..98,4.6,16692,https://m.media-amazon.com/images/I/61k+U2hyVLL._AC_UY218_.jpg,B0CY22VR4C
"LINKUP - Ultra PCIe 4.0 X16 Riser Cable [RTX4090 RX6950XT x570 B550 Z690 Tested] Shielded High-Speed Vertical Mount Gaming PCI Express Gen4┃Universal 90 Degree Socket {15cm / 5.9""} 3.0 Gen3 Compatible",https://www.amazon.com/s?k=gaming&crid=2Q95QAJCPV7RS&sprefix=%2Caps%2C611&ref=nb_sb_ss_recent_2_0_recent/LINKUP-RX6900XT-High-Speed-Gen4%E2%94%83Universal-Compatible/dp/B08XMZ8VHZ/ref=sr_1_29?crid=3FD863EYYESV7&dib=eyJ2IjoiMSJ9.NcmaTfjnCoCMOj_YRJwRp3tsR71oOtAd6v9Q1iAaPWJeLfOiAl00sT8fS2KBNnLi8PRaDnzsMdCMBG5UoDMeJy8SQjAW5ZpbaWkHNgDI5f_n7gipApHdVrX0basaFScrJrlflh6ix40Z_2jichQI1lZDIvOX6VxXQnQNNzxSu4M6nKGF8sPS6LxBBsWL0k96naYz_CEGvPyQBhKOYgMGqXCEa0S4nWJO0k70Ngpd2dk.hFOYDI4tbZhI70XknLPmXzJERxVSFEVoWkehM_2FlqU&dib_tag=se&keywords=rtx4090&qid=1743579558&sprefix=rtx4090%2Caps%2C575&sr=8-29&xpid=lJRIeHiyIOGHn,,,N/A,4.5,2936,https://m.media-amazon.com/images/I/81Xh84ALrHL._AC_UY218_.jpg,B08XMZ8VHZ
"ASUS TUF Gaming 1000W Gold White Edition (1000 Watt, Fully Modular Power Supply, 80+ Gold Certified, Military-Grade Components, Dual Ball Bearing, Axial-tech Fan, PCB Coating, 10 Year Warranty)",https://www.amazon.com/s?k=gaming&crid=2Q95QAJCPV7RS&sprefix=%2Caps%2C611&ref=nb_sb_ss_recent_2_0_recent/ASUS-Certified-Military-Grade-Components-Axial-tech/dp/B0DHYRB6C3/ref=sr_1_30?crid=3FD863EYYESV7&dib=eyJ2IjoiMSJ9.NcmaTfjnCoCMOj_YRJwRp3tsR71oOtAd6v9Q1iAaPWJeLfOiAl00sT8fS2KBNnLi8PRaDnzsMdCMBG5UoDMeJy8SQjAW5ZpbaWkHNgDI5f_n7gipApHdVrX0basaFScrJrlflh6ix40Z_2jichQI1lZDIvOX6VxXQnQNNzxSu4M6nKGF8sPS6LxBBsWL0k96naYz_CEGvPyQBhKOYgMGqXCEa0S4nWJO0k70Ngpd2dk.hFOYDI4tbZhI70XknLPmXzJERxVSFEVoWkehM_2FlqU&dib_tag=se&keywords=rtx4090&qid=1743579558&sprefix=rtx4090%2Caps%2C575&sr=8-30&xpid=lJRIeHiyIOGHn,179.,99,$179..99,4.7,632,https://m.media-amazon.com/images/I/71TbIqteGNL._AC_UY218_.jpg,B0DHYRB6C3
"LINKUP - AVA5 PCIE 5.0 Riser Cable | RTX5090 RX9070 GPU Ready | x16 128GB/s Speed | Compatible with PCIe 4.0 & WRX80/WRX90E | Right Angle, Black 15cm",https://www.amazon.com/s?k=gaming&crid=2Q95QAJCPV7RS&sprefix=%2Caps%2C611&ref=nb_sb_ss_recent_2_0_recent/LINKUP-RTX5090-RX9070-Compatible-WRX90E/dp/B0DKPF7QQ7/ref=sr_1_31?crid=3FD863EYYESV7&dib=eyJ2IjoiMSJ9.NcmaTfjnCoCMOj_YRJwRp3tsR71oOtAd6v9Q1iAaPWJeLfOiAl00sT8fS2KBNnLi8PRaDnzsMdCMBG5UoDMeJy8SQjAW5ZpbaWkHNgDI5f_n7gipApHdVrX0basaFScrJrlflh6ix40Z_2jichQI1lZDIvOX6VxXQnQNNzxSu4M6nKGF8sPS6LxBBsWL0k96naYz_CEGvPyQBhKOYgMGqXCEa0S4nWJO0k70Ngpd2dk.hFOYDI4tbZhI70XknLPmXzJERxVSFEVoWkehM_2FlqU&dib_tag=se&keywords=rtx4090&qid=1743579558&sprefix=rtx4090%2Caps%2C575&sr=8-31&xpid=lJRIeHiyIOGHn,70.,96,$70..96,4.4,480,https://m.media-amazon.com/images/I/61VnCyxWz4L._AC_UY218_.jpg,B0DKPF7QQ7
"ASUS TUF RTX 4090 OC Graphics Card (PCIe 4.0, 24GB 384Bit GDRR6X, HDMI 2.1a, DP 1.4a, ARGB), w/SPS x Dino DP to HDMI Converter",https://www.amazon.com/s?k=gaming&crid=2Q95QAJCPV7RS&sprefix=%2Caps%2C611&ref=nb_sb_ss_recent_2_0_recent/ASUS-Graphics-384Bit-GDRR6X-Converter/dp/B0CX5RBR7H/ref=sr_1_32?crid=3FD863EYYESV7&dib=eyJ2IjoiMSJ9.NcmaTfjnCoCMOj_YRJwRp3tsR71oOtAd6v9Q1iAaPWJeLfOiAl00sT8fS2KBNnLi8PRaDnzsMdCMBG5UoDMeJy8SQjAW5ZpbaWkHNgDI5f_n7gipApHdVrX0basaFScrJrlflh6ix40Z_2jichQI1lZDIvOX6VxXQnQNNzxSu4M6nKGF8sPS6LxBBsWL0k96naYz_CEGvPyQBhKOYgMGqXCEa0S4nWJO0k70Ngpd2dk.hFOYDI4tbZhI70XknLPmXzJERxVSFEVoWkehM_2FlqU&dib_tag=se&keywords=rtx4090&qid=1743579558&sprefix=rtx4090%2Caps%2C575&sr=8-32&xpid=lJRIeHiyIOGHn,,,N/A,3.0,5,https://m.media-amazon.com/images/I/619AwjDndjL._AC_UY218_.jpg,B0CX5RBR7H
"ZOTAC Gaming GeForce RTX 4080 Super Trinity Black Edition DLSS 3 16GB GDDR6X 256-bit 23 Gbps PCIE 4.0 Gaming Graphics Card, IceStorm 2.0 Advanced Cooling, Spectra RGB Lighting, ZT-D40820D-10P",https://www.amazon.com/s?k=gaming&crid=2Q95QAJCPV7RS&sprefix=%2Caps%2C611&ref=nb_sb_ss_recent_2_0_recent/ZOTAC-Graphics-IceStorm-Advanced-ZT-D40820D-10P/dp/B0CSBDFS55/ref=sr_1_33?crid=3FD863EYYESV7&dib=eyJ2IjoiMSJ9.NcmaTfjnCoCMOj_YRJwRp3tsR71oOtAd6v9Q1iAaPWJeLfOiAl00sT8fS2KBNnLi8PRaDnzsMdCMBG5UoDMeJy8SQjAW5ZpbaWkHNgDI5f_n7gipApHdVrX0basaFScrJrlflh6ix40Z_2jichQI1lZDIvOX6VxXQnQNNzxSu4M6nKGF8sPS6LxBBsWL0k96naYz_CEGvPyQBhKOYgMGqXCEa0S4nWJO0k70Ngpd2dk.hFOYDI4tbZhI70XknLPmXzJERxVSFEVoWkehM_2FlqU&dib_tag=se&keywords=rtx4090&qid=1743579558&sprefix=rtx4090%2Caps%2C575&sr=8-33&xpid=lJRIeHiyIOGHn,,,N/A,4.5,58,https://m.media-amazon.com/images/I/81rvMaW0UIL._AC_UY218_.jpg,B0CSBDFS55
"ASUS The SFF-Ready Prime GeForce RTX 4070 Super OC Edition 12GB GDDR6X Graphics Card (PCIe® 4.0, 12GB GDDR6X, DLSS 3, HDMI 2.1a, DisplayPort™ 1.4a)",https://www.amazon.com/s?k=gaming&crid=2Q95QAJCPV7RS&sprefix=%2Caps%2C611&ref=nb_sb_ss_recent_2_0_recent/ASUS-SFF-Ready-GeForce-Graphics-DisplayPortTM/dp/B0D7KTZHXN/ref=sr_1_34?crid=3FD863EYYESV7&dib=eyJ2IjoiMSJ9.NcmaTfjnCoCMOj_YRJwRp3tsR71oOtAd6v9Q1iAaPWJeLfOiAl00sT8fS2KBNnLi8PRaDnzsMdCMBG5UoDMeJy8SQjAW5ZpbaWkHNgDI5f_n7gipApHdVrX0basaFScrJrlflh6ix40Z_2jichQI1lZDIvOX6VxXQnQNNzxSu4M6nKGF8sPS6LxBBsWL0k96naYz_CEGvPyQBhKOYgMGqXCEa0S4nWJO0k70Ngpd2dk.hFOYDI4tbZhI70XknLPmXzJERxVSFEVoWkehM_2FlqU&dib_tag=se&keywords=rtx4090&qid=1743579558&sprefix=rtx4090%2Caps%2C575&sr=8-34&xpid=lJRIeHiyIOGHn,,,N/A,4.7,2365,https://m.media-amazon.com/images/I/81uhZBIiSYL._AC_UY218_.jpg,B0D7KTZHXN
"GLOTRENDS 200mm PCIe 4.0 X16 Riser Cable (0->90 Degree), Compatible with PCIE GEN 4.0 GPU, Such as RTX4090-RTX3060, RX7900, RX6950XT-RX6500XT, etc",https://www.amazon.com/s?k=gaming&crid=2Q95QAJCPV7RS&sprefix=%2Caps%2C611&ref=nb_sb_ss_recent_2_0_recent/sspa/click?ie=UTF8&spc=MToyNjY3NTQ1NDAyNjk1MjAwOjE3NDM1Nzk1NTg6c3BfYnRmOjMwMDY4OTU2NDMwNDUwMjo6MDo6&url=%2FGLOTRENDS-Degree-Compatible-RTX4090-RTX3060-RX6950XT-RX6500XT%2Fdp%2FB0BJBG13P7%2Fref%3Dsr_1_35_sspa%3Fcrid%3D3FD863EYYESV7%26dib%3DeyJ2IjoiMSJ9.NcmaTfjnCoCMOj_YRJwRp3tsR71oOtAd6v9Q1iAaPWJeLfOiAl00sT8fS2KBNnLi8PRaDnzsMdCMBG5UoDMeJy8SQjAW5ZpbaWkHNgDI5f_n7gipApHdVrX0basaFScrJrlflh6ix40Z_2jichQI1lZDIvOX6VxXQnQNNzxSu4M6nKGF8sPS6LxBBsWL0k96naYz_CEGvPyQBhKOYgMGqXCEa0S4nWJO0k70Ngpd2dk.hFOYDI4tbZhI70XknLPmXzJERxVSFEVoWkehM_2FlqU%26dib_tag%3Dse%26keywords%3Drtx4090%26qid%3D1743579558%26sprefix%3Drtx4090%252Caps%252C575%26sr%3D8-35-spons%26xpid%3DlJRIeHiyIOGHn%26sp_csd%3Dd2lkZ2V0TmFtZT1zcF9idGY%26psc%3D1,24.,99,$24..99,4.1,266,https://m.media-amazon.com/images/I/515OV9snb8L._AC_UY218_.jpg,B0BJBG13P7
"Dpofirs PCIe 4.0 X16 GPU Riser Cable, High Speed Flexible Extender, Card Extension Port 90 Degree Adapter, PCIe Extension Cable Compatible with RTX4090 RTX4070ti RTX3090ti RTX3090",https://www.amazon.com/s?k=gaming&crid=2Q95QAJCPV7RS&sprefix=%2Caps%2C611&ref=nb_sb_ss_recent_2_0_recent/sspa/click?ie=UTF8&spc=MToyNjY3NTQ1NDAyNjk1MjAwOjE3NDM1Nzk1NTg6c3BfYnRmOjMwMDE3MTc0NDI3NTAwMjo6MDo6&url=%2FDpofirs-Extension-Compatible-RTX4070ti-RTX3090ti%2Fdp%2FB0CX9CQ3XN%2Fref%3Dsr_1_36_sspa%3Fcrid%3D3FD863EYYESV7%26dib%3DeyJ2IjoiMSJ9.NcmaTfjnCoCMOj_YRJwRp3tsR71oOtAd6v9Q1iAaPWJeLfOiAl00sT8fS2KBNnLi8PRaDnzsMdCMBG5UoDMeJy8SQjAW5ZpbaWkHNgDI5f_n7gipApHdVrX0basaFScrJrlflh6ix40Z_2jichQI1lZDIvOX6VxXQnQNNzxSu4M6nKGF8sPS6LxBBsWL0k96naYz_CEGvPyQBhKOYgMGqXCEa0S4nWJO0k70Ngpd2dk.hFOYDI4tbZhI70XknLPmXzJERxVSFEVoWkehM_2FlqU%26dib_tag%3Dse%26keywords%3Drtx4090%26qid%3D1743579558%26sprefix%3Drtx4090%252Caps%252C575%26sr%3D8-36-spons%26xpid%3DlJRIeHiyIOGHn%26sp_csd%3Dd2lkZ2V0TmFtZT1zcF9idGY%26psc%3D1,33.,94,$33..94,N/A,0,https://m.media-amazon.com/images/I/51Z+KvbrD7L._AC_UY218_.jpg,B0CX9CQ3XN
"8K Detachable HDMI Fiber Optic Cable 66Feet/20m, Long HDMI 2.1 Cable in Wall, with Dual Micro HDMI and Standard HDMI Connectors, Compatible for PC, TV, playstation4, PS5, Xbox Series X, RTX4090/4080",https://www.amazon.com/s?k=gaming&crid=2Q95QAJCPV7RS&sprefix=%2Caps%2C611&ref=nb_sb_ss_recent_2_0_recent/sspa/click?ie=UTF8&spc=MTo3NDc0NzcyMzA5MjA0NzE2OjE3NDM1Nzk1NjY6c3BfYXRmX25leHQ6MzAwNDcyMTQzNjYxMDAyOjowOjo&url=%2Fecjtu-66Feet-Detachable-Standard-Connectors%2Fdp%2FB0B4RYRQ67%2Fref%3Dsr_1_33_sspa%3Fcrid%3D3FD863EYYESV7%26dib%3DeyJ2IjoiMSJ9.cRPCiaeOXH7erNTUJG9DZE4YJn9meTJIyLiM3iXZ69G_aswbyMSwqhiOMh0o0Q1QupRsrevdWbOiuT2bR0rNnWPGUJC3lIq4sMZBGyPOY5FzzViegi9rmodlLjE_e51mUJhRhoW68xk6joqQzLMyyoyrgL1ViGGfTUup4Mtbe2gM_nKuD1dRDuhLGNoArRNao902MJNIx9N4ObtuxIr0ZpLYM3XMbKaZKwO3FezHqeI.Av0jbmDRRWw3Nw4J7gdd1Jyb9ChNePdZKsKaIIdlJdw%26dib_tag%3Dse%26keywords%3Drtx4090%26qid%3D1743579566%26sprefix%3Drtx4090%252Caps%252C575%26sr%3D8-33-spons%26xpid%3DlJRIeHiyIOGHn%26sp_csd%3Dd2lkZ2V0TmFtZT1zcF9hdGZfbmV4dA%26psc%3D1,76.,96,$76..96,4.3,90,https://m.media-amazon.com/images/I/61b44ccX8FL._AC_UY218_.jpg,B0B4RYRQ67
"GLOTRENDS 300mm PCIe 4.0 X16 Riser Cable (0->90 Degree), Compatible with PCIE GEN 4.0 GPU, Such as RTX4090-RTX3060, RX7900, RX6950XT-RX6500XT, etc",https://www.amazon.com/s?k=gaming&crid=2Q95QAJCPV7RS&sprefix=%2Caps%2C611&ref=nb_sb_ss_recent_2_0_recent/sspa/click?ie=UTF8&spc=MTo3NDc0NzcyMzA5MjA0NzE2OjE3NDM1Nzk1NjY6c3BfYXRmX25leHQ6MzAwNjkwNzA3OTQ4MzAyOjowOjo&url=%2FGLOTRENDS-Compatible-RTX4090-RTX3060-RX6950XT-RX6500XT-PCIE40-30-90%2Fdp%2FB0C415JCHX%2Fref%3Dsr_1_34_sspa%3Fcrid%3D3FD863EYYESV7%26dib%3DeyJ2IjoiMSJ9.cRPCiaeOXH7erNTUJG9DZE4YJn9meTJIyLiM3iXZ69G_aswbyMSwqhiOMh0o0Q1QupRsrevdWbOiuT2bR0rNnWPGUJC3lIq4sMZBGyPOY5FzzViegi9rmodlLjE_e51mUJhRhoW68xk6joqQzLMyyoyrgL1ViGGfTUup4Mtbe2gM_nKuD1dRDuhLGNoArRNao902MJNIx9N4ObtuxIr0ZpLYM3XMbKaZKwO3FezHqeI.Av0jbmDRRWw3Nw4J7gdd1Jyb9ChNePdZKsKaIIdlJdw%26dib_tag%3Dse%26keywords%3Drtx4090%26qid%3D1743579566%26sprefix%3Drtx4090%252Caps%252C575%26sr%3D8-34-spons%26xpid%3DlJRIeHiyIOGHn%26sp_csd%3Dd2lkZ2V0TmFtZT1zcF9hdGZfbmV4dA%26psc%3D1,38.,99,$38..99,4.1,266,https://m.media-amazon.com/images/I/51n0dz72mDL._AC_UY218_.jpg,B0C415JCHX
"PCIE 4.0 Riser Cable, PCIe 4.0 x16 High Speed Flexible Extender Card Extension Port, PCIE 4.0 90 Degree Adapter, Pcie 4.0 Riser Compatible with 4090 4080 4070 3090 and Pcie 3.0 System 300mm /11.8inch",https://www.amazon.com/s?k=gaming&crid=2Q95QAJCPV7RS&sprefix=%2Caps%2C611&ref=nb_sb_ss_recent_2_0_recent/Flexible-Extender-Extension-Compatible-11-8inch/dp/B0DCZ4DTJQ/ref=sr_1_35?crid=3FD863EYYESV7&dib=eyJ2IjoiMSJ9.cRPCiaeOXH7erNTUJG9DZE4YJn9meTJIyLiM3iXZ69G_aswbyMSwqhiOMh0o0Q1QupRsrevdWbOiuT2bR0rNnWPGUJC3lIq4sMZBGyPOY5FzzViegi9rmodlLjE_e51mUJhRhoW68xk6joqQzLMyyoyrgL1ViGGfTUup4Mtbe2gM_nKuD1dRDuhLGNoArRNao902MJNIx9N4ObtuxIr0ZpLYM3XMbKaZKwO3FezHqeI.Av0jbmDRRWw3Nw4J7gdd1Jyb9ChNePdZKsKaIIdlJdw&dib_tag=se&keywords=rtx4090&qid=1743579566&sprefix=rtx4090%2Caps%2C575&sr=8-35&xpid=lJRIeHiyIOGHn,29.,99,$29..99,4.4,9,https://m.media-amazon.com/images/I/51QOqHQORVL._AC_UY218_.jpg,B0DCZ4DTJQ
Shurhome Storage Box For RTX4060/RTX4070i/RTX4080S/RTX4090 Graphics Hard Case With Handle Graphics Card Travel Carrying Bag,https://www.amazon.com/s?k=gaming&crid=2Q95QAJCPV7RS&sprefix=%2Caps%2C611&ref=nb_sb_ss_recent_2_0_recent/Shurhome-RTX4070i-RTX4080S-Graphics-Carrying-PC/dp/B0DP23VP22/ref=sr_1_36?crid=3FD863EYYESV7&dib=eyJ2IjoiMSJ9.cRPCiaeOXH7erNTUJG9DZE4YJn9meTJIyLiM3iXZ69G_aswbyMSwqhiOMh0o0Q1QupRsrevdWbOiuT2bR0rNnWPGUJC3lIq4sMZBGyPOY5FzzViegi9rmodlLjE_e51mUJhRhoW68xk6joqQzLMyyoyrgL1ViGGfTUup4Mtbe2gM_nKuD1dRDuhLGNoArRNao902MJNIx9N4ObtuxIr0ZpLYM3XMbKaZKwO3FezHqeI.Av0jbmDRRWw3Nw4J7gdd1Jyb9ChNePdZKsKaIIdlJdw&dib_tag=se&keywords=rtx4090&qid=1743579566&sprefix=rtx4090%2Caps%2C575&sr=8-36&xpid=lJRIeHiyIOGHn,19.,31,$19..31,N/A,0,https://m.media-amazon.com/images/I/71PyRLws8BL._AC_UY218_.jpg,B0DP23VP22
"JONSBO D31 MESH SC Black Micro ATX PC Case with Screen, M-ATX/ITX Motherboard/Support RTX 4090(335-400mm) GPU 360/280AIO,Power ATX/SFX: 100mm-220mm Multiple Tool-Free Design Computer case",https://www.amazon.com/s?k=gaming&crid=2Q95QAJCPV7RS&sprefix=%2Caps%2C611&ref=nb_sb_ss_recent_2_0_recent/JONSBO-D31-MESH-Blak-Micro/dp/B0BQJ7SW4Q/ref=sr_1_37?crid=3FD863EYYESV7&dib=eyJ2IjoiMSJ9.cRPCiaeOXH7erNTUJG9DZE4YJn9meTJIyLiM3iXZ69G_aswbyMSwqhiOMh0o0Q1QupRsrevdWbOiuT2bR0rNnWPGUJC3lIq4sMZBGyPOY5FzzViegi9rmodlLjE_e51mUJhRhoW68xk6joqQzLMyyoyrgL1ViGGfTUup4Mtbe2gM_nKuD1dRDuhLGNoArRNao902MJNIx9N4ObtuxIr0ZpLYM3XMbKaZKwO3FezHqeI.Av0jbmDRRWw3Nw4J7gdd1Jyb9ChNePdZKsKaIIdlJdw&dib_tag=se&keywords=rtx4090&qid=1743579566&sprefix=rtx4090%2Caps%2C575&sr=8-37&xpid=lJRIeHiyIOGHn,144.,30,$144..30,4.6,178,https://m.media-amazon.com/images/I/719ZDcCEw-L._AC_UY218_.jpg,B0BQJ7SW4Q
"Antec PCI-E 4.0 Riser Cable White RTX4090 RX6950XT Tested PCIe 4.0 x16 High Speed Flexible Card Extension Port 90 Degree Adapter Black 200mm Compatible with RTX4090, RTX4070ti, RTX3090ti, RTX3090",https://www.amazon.com/s?k=gaming&crid=2Q95QAJCPV7RS&sprefix=%2Caps%2C611&ref=nb_sb_ss_recent_2_0_recent/Antec-Extension-Compatible-RTX4070ti-RTX3090ti/dp/B0C1BT9MTR/ref=sr_1_38?crid=3FD863EYYESV7&dib=eyJ2IjoiMSJ9.cRPCiaeOXH7erNTUJG9DZE4YJn9meTJIyLiM3iXZ69G_aswbyMSwqhiOMh0o0Q1QupRsrevdWbOiuT2bR0rNnWPGUJC3lIq4sMZBGyPOY5FzzViegi9rmodlLjE_e51mUJhRhoW68xk6joqQzLMyyoyrgL1ViGGfTUup4Mtbe2gM_nKuD1dRDuhLGNoArRNao902MJNIx9N4ObtuxIr0ZpLYM3XMbKaZKwO3FezHqeI.Av0jbmDRRWw3Nw4J7gdd1Jyb9ChNePdZKsKaIIdlJdw&dib_tag=se&keywords=rtx4090&qid=1743579566&sprefix=rtx4090%2Caps%2C575&sr=8-38&xpid=lJRIeHiyIOGHn,47.,99,$47..99,4.7,53,https://m.media-amazon.com/images/I/51UvX3HtucL._AC_UY218_.jpg,B0C1BT9MTR
16Pin PCIE5.0 Graphics Card Power Port Graphics Card Power Supply Connector for 3090Ti RTX4080 RTX4090 Graphics Card,https://www.amazon.com/s?k=gaming&crid=2Q95QAJCPV7RS&sprefix=%2Caps%2C611&ref=nb_sb_ss_recent_2_0_recent/PASNMKvn-PCIE5-0-Graphics-Connector-RTX4080/dp/B0DLHCW7FK/ref=sr_1_39?crid=3FD863EYYESV7&dib=eyJ2IjoiMSJ9.cRPCiaeOXH7erNTUJG9DZE4YJn9meTJIyLiM3iXZ69G_aswbyMSwqhiOMh0o0Q1QupRsrevdWbOiuT2bR0rNnWPGUJC3lIq4sMZBGyPOY5FzzViegi9rmodlLjE_e51mUJhRhoW68xk6joqQzLMyyoyrgL1ViGGfTUup4Mtbe2gM_nKuD1dRDuhLGNoArRNao902MJNIx9N4ObtuxIr0ZpLYM3XMbKaZKwO3FezHqeI.Av0jbmDRRWw3Nw4J7gdd1Jyb9ChNePdZKsKaIIdlJdw&dib_tag=se&keywords=rtx4090&qid=1743579566&sprefix=rtx4090%2Caps%2C575&sr=8-39&xpid=lJRIeHiyIOGHn,2.,43,$2..43,N/A,0,https://m.media-amazon.com/images/I/51erNeLlRKL._AC_UY218_.jpg,B0DLHCW7FK
"PCIe 4.0 X16 GPU Riser Cable, Length 400mm, Female 90 Degree Angle, EMI Shielded, High Speed Flexible GPU Extension Cable Compatible with RTX4090 RX6950XT, 15.8in",https://www.amazon.com/s?k=gaming&crid=2Q95QAJCPV7RS&sprefix=%2Caps%2C611&ref=nb_sb_ss_recent_2_0_recent/Bewinner-Shielded-Flexible-Extension-Compatible/dp/B0CRF74KG2/ref=sr_1_40?crid=3FD863EYYESV7&dib=eyJ2IjoiMSJ9.cRPCiaeOXH7erNTUJG9DZE4YJn9meTJIyLiM3iXZ69G_aswbyMSwqhiOMh0o0Q1QupRsrevdWbOiuT2bR0rNnWPGUJC3lIq4sMZBGyPOY5FzzViegi9rmodlLjE_e51mUJhRhoW68xk6joqQzLMyyoyrgL1ViGGfTUup4Mtbe2gM_nKuD1dRDuhLGNoArRNao902MJNIx9N4ObtuxIr0ZpLYM3XMbKaZKwO3FezHqeI.Av0jbmDRRWw3Nw4J7gdd1Jyb9ChNePdZKsKaIIdlJdw&dib_tag=se&keywords=rtx4090&qid=1743579566&sprefix=rtx4090%2Caps%2C575&sr=8-40&xpid=lJRIeHiyIOGHn,,,N/A,N/A,0,https://m.media-amazon.com/images/I/51cbvG5JnXL._AC_UY218_.jpg,B0CRF74KG2
"LINKUP - Ultra PCIe 4.0 X16 Riser Cable [RTX4090 RX6950XT x570 B550 Z690 Tested] Shielded Extreme High-Speed Vertical Mount Gaming PCI Express Gen4┃Reverse GPU Socket (25cm / 9.8"") Designed for ITX",https://www.amazon.com/s?k=gaming&crid=2Q95QAJCPV7RS&sprefix=%2Caps%2C611&ref=nb_sb_ss_recent_2_0_recent/LINKUP-RX6900XT-Shielded-High-Speed-Gen4%E2%94%83Reverse/dp/B092JTY73B/ref=sr_1_41?crid=3FD863EYYESV7&dib=eyJ2IjoiMSJ9.cRPCiaeOXH7erNTUJG9DZE4YJn9meTJIyLiM3iXZ69G_aswbyMSwqhiOMh0o0Q1QupRsrevdWbOiuT2bR0rNnWPGUJC3lIq4sMZBGyPOY5FzzViegi9rmodlLjE_e51mUJhRhoW68xk6joqQzLMyyoyrgL1ViGGfTUup4Mtbe2gM_nKuD1dRDuhLGNoArRNao902MJNIx9N4ObtuxIr0ZpLYM3XMbKaZKwO3FezHqeI.Av0jbmDRRWw3Nw4J7gdd1Jyb9ChNePdZKsKaIIdlJdw&dib_tag=se&keywords=rtx4090&qid=1743579566&sprefix=rtx4090%2Caps%2C575&sr=8-41&xpid=lJRIeHiyIOGHn,,,N/A,4.1,7,https://m.media-amazon.com/images/I/71yD0UjwjML._AC_UY218_.jpg,B092JTY73B
12VHPWR 180 Degree Angled Adapter: Aluminum ATX 3.0 16 Pin GPU Power Connector 600W Pcie5.0 Power Adapter for 12+4pin RTX 3090Ti 4070Ti 4080 4090 Graphic Card GPU (Type B),https://www.amazon.com/s?k=gaming&crid=2Q95QAJCPV7RS&sprefix=%2Caps%2C611&ref=nb_sb_ss_recent_2_0_recent/12VHPWR-180-Degree-Angled-Adapter/dp/B0C2H2BN47/ref=sr_1_42?crid=3FD863EYYESV7&dib=eyJ2IjoiMSJ9.cRPCiaeOXH7erNTUJG9DZE4YJn9meTJIyLiM3iXZ69G_aswbyMSwqhiOMh0o0Q1QupRsrevdWbOiuT2bR0rNnWPGUJC3lIq4sMZBGyPOY5FzzViegi9rmodlLjE_e51mUJhRhoW68xk6joqQzLMyyoyrgL1ViGGfTUup4Mtbe2gM_nKuD1dRDuhLGNoArRNao902MJNIx9N4ObtuxIr0ZpLYM3XMbKaZKwO3FezHqeI.Av0jbmDRRWw3Nw4J7gdd1Jyb9ChNePdZKsKaIIdlJdw&dib_tag=se&keywords=rtx4090&qid=1743579566&sprefix=rtx4090%2Caps%2C575&sr=8-42&xpid=lJRIeHiyIOGHn,19.,99,$19..99,4.2,107,https://m.media-amazon.com/images/I/61o02pZikLL._AC_UY218_.jpg,B0C2H2BN47
"LINKUP - Ultra PCIe 4.0 X16 Riser Cable [RTX4090 RX6950XT x570 B550 Z690 Tested] Shielded Vertical Mount Gaming PCI Express Gen4┃Universal 90 Degree Socket (10cm/3.9"") Gen 3.0 Compatible┃White",https://www.amazon.com/s?k=gaming&crid=2Q95QAJCPV7RS&sprefix=%2Caps%2C611&ref=nb_sb_ss_recent_2_0_recent/LINKUP-RX6900XT-High-Speed-Gen4%E2%94%83Universal-Compatible%E2%94%83White/dp/B08YZ3LPGF/ref=sr_1_43?crid=3FD863EYYESV7&dib=eyJ2IjoiMSJ9.cRPCiaeOXH7erNTUJG9DZE4YJn9meTJIyLiM3iXZ69G_aswbyMSwqhiOMh0o0Q1QupRsrevdWbOiuT2bR0rNnWPGUJC3lIq4sMZBGyPOY5FzzViegi9rmodlLjE_e51mUJhRhoW68xk6joqQzLMyyoyrgL1ViGGfTUup4Mtbe2gM_nKuD1dRDuhLGNoArRNao902MJNIx9N4ObtuxIr0ZpLYM3XMbKaZKwO3FezHqeI.Av0jbmDRRWw3Nw4J7gdd1Jyb9ChNePdZKsKaIIdlJdw&dib_tag=se&keywords=rtx4090&qid=1743579566&sprefix=rtx4090%2Caps%2C575&sr=8-43&xpid=lJRIeHiyIOGHn,,,N/A,4.0,48,https://m.media-amazon.com/images/I/71+Lii+L29L._AC_UY218_.jpg,B08YZ3LPGF
"Yunir Ultra PCIe 4.0 X16 Riser Cable [RTX4090 RX6950XT x570 B550 Z690 Tested] Shielded High-Speed Vertical Mount Gaming PCI Express Gen4┃Universal 90 Degree Socket (20cm / 7.8"") 3.0 Gen3 Compatible",https://www.amazon.com/s?k=gaming&crid=2Q95QAJCPV7RS&sprefix=%2Caps%2C611&ref=nb_sb_ss_recent_2_0_recent/Yunir-RX6950XT-High-Speed-Gen4%E2%94%83Universal-Compatible/dp/B0D1KN6Q86/ref=sr_1_44?crid=3FD863EYYESV7&dib=eyJ2IjoiMSJ9.cRPCiaeOXH7erNTUJG9DZE4YJn9meTJIyLiM3iXZ69G_aswbyMSwqhiOMh0o0Q1QupRsrevdWbOiuT2bR0rNnWPGUJC3lIq4sMZBGyPOY5FzzViegi9rmodlLjE_e51mUJhRhoW68xk6joqQzLMyyoyrgL1ViGGfTUup4Mtbe2gM_nKuD1dRDuhLGNoArRNao902MJNIx9N4ObtuxIr0ZpLYM3XMbKaZKwO3FezHqeI.Av0jbmDRRWw3Nw4J7gdd1Jyb9ChNePdZKsKaIIdlJdw&dib_tag=se&keywords=rtx4090&qid=1743579566&sprefix=rtx4090%2Caps%2C575&sr=8-44&xpid=lJRIeHiyIOGHn,42.,50,$42..50,5.0,1,https://m.media-amazon.com/images/I/51HpaltrIrL._AC_UY218_.jpg,B0D1KN6Q86
Ejoyous PCIE 4.0 X16 Riser Cable High Speed Flexible Shielding 90 Degree Connector GPU Extension Cable for RTX4090 RX6950XT 15.8in,https://www.amazon.com/s?k=gaming&crid=2Q95QAJCPV7RS&sprefix=%2Caps%2C611&ref=nb_sb_ss_recent_2_0_recent/Ejoyous-Flexible-Shielding-Connector-Extension/dp/B0DK7KGCQY/ref=sr_1_45?crid=3FD863EYYESV7&dib=eyJ2IjoiMSJ9.cRPCiaeOXH7erNTUJG9DZE4YJn9meTJIyLiM3iXZ69G_aswbyMSwqhiOMh0o0Q1QupRsrevdWbOiuT2bR0rNnWPGUJC3lIq4sMZBGyPOY5FzzViegi9rmodlLjE_e51mUJhRhoW68xk6joqQzLMyyoyrgL1ViGGfTUup4Mtbe2gM_nKuD1dRDuhLGNoArRNao902MJNIx9N4ObtuxIr0ZpLYM3XMbKaZKwO3FezHqeI.Av0jbmDRRWw3Nw4J7gdd1Jyb9ChNePdZKsKaIIdlJdw&dib_tag=se&keywords=rtx4090&qid=1743579566&sprefix=rtx4090%2Caps%2C575&sr=8-45&xpid=lJRIeHiyIOGHn,,,N/A,N/A,0,https://m.media-amazon.com/images/I/41jioFEKh9L._AC_UY218_.jpg,B0DK7KGCQY
"Dpofirs PCIe 4.0 X16 GPU Riser Cable, High Speed Flexible Extender, Card Extension Port 90 Degree Adapter, PCIe Extension Cable Compatible with RTX4090 RTX4070ti RTX3090ti RTX3090",https://www.amazon.com/s?k=gaming&crid=2Q95QAJCPV7RS&sprefix=%2Caps%2C611&ref=nb_sb_ss_recent_2_0_recent/Dpofirs-Extension-Compatible-RTX4070ti-RTX3090ti/dp/B0CX9CQ3XN/ref=sr_1_46?crid=3FD863EYYESV7&dib=eyJ2IjoiMSJ9.cRPCiaeOXH7erNTUJG9DZE4YJn9meTJIyLiM3iXZ69G_aswbyMSwqhiOMh0o0Q1QupRsrevdWbOiuT2bR0rNnWPGUJC3lIq4sMZBGyPOY5FzzViegi9rmodlLjE_e51mUJhRhoW68xk6joqQzLMyyoyrgL1ViGGfTUup4Mtbe2gM_nKuD1dRDuhLGNoArRNao902MJNIx9N4ObtuxIr0ZpLYM3XMbKaZKwO3FezHqeI.Av0jbmDRRWw3Nw4J7gdd1Jyb9ChNePdZKsKaIIdlJdw&dib_tag=se&keywords=rtx4090&qid=1743579566&sprefix=rtx4090%2Caps%2C575&sr=8-46&xpid=lJRIeHiyIOGHn,33.,94,$33..94,N/A,0,https://m.media-amazon.com/images/I/51Z+KvbrD7L._AC_UY218_.jpg,B0CX9CQ3XN
"RTX 3090TI 4090 16Pin(12+4) to 3x8Pin PCI-E 5.0 Sleeved Extension Cable,12Pin to 3x8Pin Compatible 3090ti and RTX4090 4080 Series,13inch with Cable Combs(16AW Black)",https://www.amazon.com/s?k=gaming&crid=2Q95QAJCPV7RS&sprefix=%2Caps%2C611&ref=nb_sb_ss_recent_2_0_recent/SYBECHATF-Sleeved-Extension-Compatible-RTX4090/dp/B0BHSLYKV4/ref=sr_1_47?crid=3FD863EYYESV7&dib=eyJ2IjoiMSJ9.cRPCiaeOXH7erNTUJG9DZE4YJn9meTJIyLiM3iXZ69G_aswbyMSwqhiOMh0o0Q1QupRsrevdWbOiuT2bR0rNnWPGUJC3lIq4sMZBGyPOY5FzzViegi9rmodlLjE_e51mUJhRhoW68xk6joqQzLMyyoyrgL1ViGGfTUup4Mtbe2gM_nKuD1dRDuhLGNoArRNao902MJNIx9N4ObtuxIr0ZpLYM3XMbKaZKwO3FezHqeI.Av0jbmDRRWw3Nw4J7gdd1Jyb9ChNePdZKsKaIIdlJdw&dib_tag=se&keywords=rtx4090&qid=1743579566&sprefix=rtx4090%2Caps%2C575&sr=8-47&xpid=lJRIeHiyIOGHn,16.,99,$16..99,4.6,8,https://m.media-amazon.com/images/I/61U-4iCpmZL._AC_UY218_.jpg,B0BHSLYKV4
"YUGSHNKFC Hard Protective Case for RTX4060/RTX4070i/RTX4080S/RTX4090 Graphics Cards - Travel Carrying Bag with Handle, Scratchproof Storage Box for Gamers & PC Enthusiasts (36x16x5cm)",https://www.amazon.com/s?k=gaming&crid=2Q95QAJCPV7RS&sprefix=%2Caps%2C611&ref=nb_sb_ss_recent_2_0_recent/YUGSHNKFC-Protective-RTX4060-RTX4070i-RTX4080S-Graphics/dp/B0DLN39CF6/ref=sr_1_48?crid=3FD863EYYESV7&dib=eyJ2IjoiMSJ9.cRPCiaeOXH7erNTUJG9DZE4YJn9meTJIyLiM3iXZ69G_aswbyMSwqhiOMh0o0Q1QupRsrevdWbOiuT2bR0rNnWPGUJC3lIq4sMZBGyPOY5FzzViegi9rmodlLjE_e51mUJhRhoW68xk6joqQzLMyyoyrgL1ViGGfTUup4Mtbe2gM_nKuD1dRDuhLGNoArRNao902MJNIx9N4ObtuxIr0ZpLYM3XMbKaZKwO3FezHqeI.Av0jbmDRRWw3Nw4J7gdd1Jyb9ChNePdZKsKaIIdlJdw&dib_tag=se&keywords=rtx4090&qid=1743579566&sprefix=rtx4090%2Caps%2C575&sr=8-48&xpid=lJRIeHiyIOGHn,,,N/A,N/A,0,https://m.media-amazon.com/images/I/71Ar8YGooIL._AC_UY218_.jpg,B0DLN39CF6
"LINKUP - Ultra PCIe 4.0 X16 Riser Cable [RTX4090 RX6950XT x570 B550 Z690 Tested] Shielded High-Speed Vertical Mount Gaming PCI Express Gen4┃Straight Socket (15cm / 5.9"") 3.0 Gen3 & TT Compatible-",https://www.amazon.com/s?k=gaming&crid=2Q95QAJCPV7RS&sprefix=%2Caps%2C611&ref=nb_sb_ss_recent_2_0_recent/LINKUP-RX6900XT-High-Speed-Gen4%E2%94%83Straight-Compatible/dp/B08YZ676LX/ref=sr_1_49?crid=3FD863EYYESV7&dib=eyJ2IjoiMSJ9.cRPCiaeOXH7erNTUJG9DZE4YJn9meTJIyLiM3iXZ69G_aswbyMSwqhiOMh0o0Q1QupRsrevdWbOiuT2bR0rNnWPGUJC3lIq4sMZBGyPOY5FzzViegi9rmodlLjE_e51mUJhRhoW68xk6joqQzLMyyoyrgL1ViGGfTUup4Mtbe2gM_nKuD1dRDuhLGNoArRNao902MJNIx9N4ObtuxIr0ZpLYM3XMbKaZKwO3FezHqeI.Av0jbmDRRWw3Nw4J7gdd1Jyb9ChNePdZKsKaIIdlJdw&dib_tag=se&keywords=rtx4090&qid=1743579566&sprefix=rtx4090%2Caps%2C575&sr=8-49&xpid=lJRIeHiyIOGHn,39.,96,$39..96,3.6,32,https://m.media-amazon.com/images/I/71nh3VSYW0L._AC_UY218_.jpg,B08YZ676LX
"LINKUP - Ultra PCIe 4.0 X16 Riser Cable (Open Box) [RTX4090 RX6950XT x570 B550 Z690 Tested] Shielded Vertical Mount Gaming PCI Express Gen4┃Reverse GPU Socket (27cm / 10.6"") Designed for ITX",https://www.amazon.com/s?k=gaming&crid=2Q95QAJCPV7RS&sprefix=%2Caps%2C611&ref=nb_sb_ss_recent_2_0_recent/LINKUP-RX6950XT-Shielded-Vertical-Gen4%E2%94%83Reverse/dp/B0DGRMZYL9/ref=sr_1_50?crid=3FD863EYYESV7&dib=eyJ2IjoiMSJ9.cRPCiaeOXH7erNTUJG9DZE4YJn9meTJIyLiM3iXZ69G_aswbyMSwqhiOMh0o0Q1QupRsrevdWbOiuT2bR0rNnWPGUJC3lIq4sMZBGyPOY5FzzViegi9rmodlLjE_e51mUJhRhoW68xk6joqQzLMyyoyrgL1ViGGfTUup4Mtbe2gM_nKuD1dRDuhLGNoArRNao902MJNIx9N4ObtuxIr0ZpLYM3XMbKaZKwO3FezHqeI.Av0jbmDRRWw3Nw4J7gdd1Jyb9ChNePdZKsKaIIdlJdw&dib_tag=se&keywords=rtx4090&qid=1743579566&sprefix=rtx4090%2Caps%2C575&sr=8-50&xpid=lJRIeHiyIOGHn,,,N/A,N/A,0,https://m.media-amazon.com/images/I/716R47U46lL._AC_UY218_.jpg,B0DGRMZYL9
Osee GoStream Deck All in One Pro Live Streaming Multi Camera Video Mixer Switcher Recorder Player Kit 4 HDMI in USB-C I/O with 14 Inch Monitor Built-in DC-to-Type C Cable NDI(Optional) Upgradable,https://www.amazon.com/s?k=gaming&crid=2Q95QAJCPV7RS&sprefix=%2Caps%2C611&ref=nb_sb_ss_recent_2_0_recent/sspa/click?ie=UTF8&spc=MTo3NDc0NzcyMzA5MjA0NzE2OjE3NDM1Nzk1NjY6c3BfYnRmOjMwMDI5NTU2MjA0OTQwMjo6MDo6&url=%2FGoStream-Streaming-Switcher-Recorder-Upgradable%2Fdp%2FB0CRYN8D7J%2Fref%3Dsr_1_51_sspa%3Fcrid%3D3FD863EYYESV7%26dib%3DeyJ2IjoiMSJ9.cRPCiaeOXH7erNTUJG9DZE4YJn9meTJIyLiM3iXZ69G_aswbyMSwqhiOMh0o0Q1QupRsrevdWbOiuT2bR0rNnWPGUJC3lIq4sMZBGyPOY5FzzViegi9rmodlLjE_e51mUJhRhoW68xk6joqQzLMyyoyrgL1ViGGfTUup4Mtbe2gM_nKuD1dRDuhLGNoArRNao902MJNIx9N4ObtuxIr0ZpLYM3XMbKaZKwO3FezHqeI.Av0jbmDRRWw3Nw4J7gdd1Jyb9ChNePdZKsKaIIdlJdw%26dib_tag%3Dse%26keywords%3Drtx4090%26qid%3D1743579566%26sprefix%3Drtx4090%252Caps%252C575%26sr%3D8-51-spons%26xpid%3DlJRIeHiyIOGHn%26sp_csd%3Dd2lkZ2V0TmFtZT1zcF9idGY%26psc%3D1,899.,00,$899..00,4.2,25,https://m.media-amazon.com/images/I/71yZMZGCQhL._AC_UY218_.jpg,B0CRYN8D7J
"Yunseity PCIE 5.0 Extender Card Cable, GPU Riser Cable, Compatible with RTX4090 (ti) and RX8900 (xt), for PC Cases, AI Applications, ITX Builds, PCIe 4.0 & WRX80SE (20cm)",https://www.amazon.com/s?k=gaming&crid=2Q95QAJCPV7RS&sprefix=%2Caps%2C611&ref=nb_sb_ss_recent_2_0_recent/sspa/click?ie=UTF8&spc=MTo3NDc0NzcyMzA5MjA0NzE2OjE3NDM1Nzk1NjY6c3BfYnRmOjMwMDU2MzQwOTkxMjMwMjo6MDo6&url=%2FYunseity-Extender-Compatible-RTX4090-Applications%2Fdp%2FB0DJ9Q7GTF%2Fref%3Dsr_1_52_sspa%3Fcrid%3D3FD863EYYESV7%26dib%3DeyJ2IjoiMSJ9.cRPCiaeOXH7erNTUJG9DZE4YJn9meTJIyLiM3iXZ69G_aswbyMSwqhiOMh0o0Q1QupRsrevdWbOiuT2bR0rNnWPGUJC3lIq4sMZBGyPOY5FzzViegi9rmodlLjE_e51mUJhRhoW68xk6joqQzLMyyoyrgL1ViGGfTUup4Mtbe2gM_nKuD1dRDuhLGNoArRNao902MJNIx9N4ObtuxIr0ZpLYM3XMbKaZKwO3FezHqeI.Av0jbmDRRWw3Nw4J7gdd1Jyb9ChNePdZKsKaIIdlJdw%26dib_tag%3Dse%26keywords%3Drtx4090%26qid%3D1743579566%26sprefix%3Drtx4090%252Caps%252C575%26sr%3D8-52-spons%26xpid%3DlJRIeHiyIOGHn%26sp_csd%3Dd2lkZ2V0TmFtZT1zcF9idGY%26psc%3D1,37.,60,$37..60,3.0,2,https://m.media-amazon.com/images/I/51yoO1CWHnL._AC_UY218_.jpg,B0DJ9Q7GTF
